Nombre;Apellido;EMail;Trabajo;Direcci√≥n
Ida;Rogahn;Madilyn5@gmail.com;Dynamic Interactions Agent;83592 McClure Curve
Jan;Osinski;Kirk_Renner@hotmail.com;Central Optimization Engineer;2016 Jasmin Locks
Walker;Hermann;Sandy10@gmail.com;Legacy Accounts Orchestrator;8258 Darwin Freeway
Mckenna;Collins;Florida.Hickle@gmail.com;Central Assurance Officer;91844 McKenzie Street
Neha;Sporer;Rasheed_Schulist5@gmail.com;Future Functionality Architect;74380 Barrows Prairie
Mara;Macejkovic;Winona_Leffler@gmail.com;Senior Data Liaison;7154 Nikki Cove
Dianna;McGlynn;Rhea23@yahoo.com;Investor Optimization Assistant;733 Samara Centers
Ophelia;Mills;Madonna_Schowalter@gmail.com;Global Accounts Facilitator;13589 McLaughlin Keys
Stephania;Mitchell;Cody74@hotmail.com;Principal Factors Executive;76006 Dorris Drive
Wava;White;Dayana_Schaefer@gmail.com;Dynamic Markets Representative;96396 Grace Lights
Zelda;Rempel;Nick89@yahoo.com;Chief Program Analyst;4294 Leffler Hollow
Anastacio;Crist;Carmel_Bauch@hotmail.com;Future Accountability Technician;1988 Littel Streets
Terence;Hammes;Loraine.Bailey@hotmail.com;Central Integration Facilitator;6477 Judson Isle
Celestino;Hammes;Sierra_Mohr45@yahoo.com;Legacy Research Associate;0775 Reichel Manor
Dusty;Wehner;Cale_Stokes9@hotmail.com;Legacy Group Agent;8333 Kamren Ridge
Cayla;Halvorson;Olen_Shields@hotmail.com;Principal Intranet Administrator;6103 Daugherty Roads
Jackie;Gerhold;Abelardo_Sawayn@yahoo.com;Product Configuration Coordinator;067 Samir Track
Mervin;Wisoky;Judy37@yahoo.com;Customer Security Orchestrator;06157 Nolan Vista
Celine;Crooks;Bonita.Watsica49@yahoo.com;Product Usability Strategist;94758 Iva Rest
Addison;Rau;Ronaldo_Breitenberg43@gmail.com;Investor Directives Executive;05824 Josefina Causeway
Jovany;Beier;Kaylin52@gmail.com;Forward Creative Strategist;75256 Reichel Path
Willard;Hickle;Consuelo79@yahoo.com;Dynamic Interactions Consultant;28667 Daugherty Extension
Sammy;Stamm;Eino26@hotmail.com;Direct Mobility Officer;410 Cummings Center
Carolanne;Fisher;Clyde_Ryan@gmail.com;Investor Markets Administrator;866 Waldo Throughway
Shaylee;Torp;Amir96@gmail.com;Investor Intranet Engineer;041 Leuschke Drive
Kenneth;Greenfelder;Lane40@gmail.com;Senior Markets Supervisor;1250 Adrien Rue
Aniyah;Littel;Stephany.Wolff35@hotmail.com;Forward Communications Executive;8222 Dave Flats
Reuben;Littel;Annalise_Kuhlman@hotmail.com;Global Usability Officer;813 Johnston Track
Solon;Wintheiser;Mercedes.Turcotte48@yahoo.com;Global Factors Manager;924 Blanda Hollow
Andre;Wolff;Dorthy_Rutherford@yahoo.com;National Quality Representative;5301 Tiffany Ranch
Erling;Boyle;Myrtice.Larson@yahoo.com;Principal Branding Associate;0435 Hyatt Crossroad
Abbey;Kertzmann;Pearline10@gmail.com;Dynamic Quality Assistant;698 Buckridge Summit
Fred;Kunze;Carolanne.VonRueden15@hotmail.com;Regional Web Developer;30118 Will Corner
Veda;Ritchie;Alfonso_Russel10@hotmail.com;National Communications Representative;1540 Wyman Estates
Deron;Satterfield;Weston.Koelpin@hotmail.com;Chief Mobility Analyst;502 Franey Path
Ida;Hessel;Alfredo_Torp39@gmail.com;Central Infrastructure Representative;48320 Marquardt Club
Wilburn;Auer;Kaycee38@yahoo.com;Chief Interactions Representative;088 Harris Grove
Luz;Welch;Bernard.Hodkiewicz@hotmail.com;Global Identity Representative;27817 Eve Trail
Amos;Kihn;Ned19@yahoo.com;Product Division Coordinator;9321 Barrows Square
Fred;Gulgowski;Milton.Kutch@yahoo.com;Internal Functionality Agent;6963 Gaston Station
Ethel;Feil;Hadley34@hotmail.com;Global Accountability Associate;7342 Jacobi Creek
Justyn;Waters;Cierra59@yahoo.com;International Functionality Liaison;64481 Baumbach Springs
Terence;Koss;Dawn_Howell@gmail.com;Internal Assurance Strategist;997 Kiarra Shoals
Myriam;Pacocha;Ariel_Corwin@gmail.com;Investor Metrics Technician;04549 Cassandre Loop
Haylee;D'Amore;Verna.Cassin71@gmail.com;Regional Assurance Facilitator;989 Anna Burg
Hilbert;Hilll;Danyka12@yahoo.com;District Group Supervisor;152 Prosacco Loop
Drake;Donnelly;Lamar_Franecki9@hotmail.com;District Implementation Strategist;50392 Maggio Squares
Schuyler;Huel;Lucie74@gmail.com;Corporate Research Manager;40998 Cheyanne View
Johnathon;Doyle;Ernie_Collins@hotmail.com;Product Optimization Liaison;242 Dena Fork
Camila;Beer;Lazaro4@gmail.com;Principal Branding Associate;6373 Hector Wells
Emanuel;Dooley;Jaime_Satterfield12@hotmail.com;Global Response Facilitator;888 Jesus Summit
Lon;Hills;Name39@gmail.com;National Integration Producer;088 Dedrick Land
Arianna;Homenick;Kenya_Littel@hotmail.com;Principal Interactions Assistant;970 Frida Pass
Clotilde;Osinski;Hobart99@hotmail.com;Future Infrastructure Administrator;205 Anderson Freeway
Bennie;Labadie;Ariel57@yahoo.com;Central Assurance Liaison;5612 Schuppe Turnpike
Bette;Kerluke;Alexandrine.Hirthe@gmail.com;International Markets Supervisor;298 O'Hara Drive
Emiliano;Hermann;Cleveland.Ruecker@gmail.com;International Accounts Executive;917 Kylie Cliff
Salma;Nienow;Deontae93@hotmail.com;District Mobility Executive;7887 Alberto Well
Tiana;Ortiz;Cassidy_Emard@hotmail.com;Product Intranet Planner;19543 Alberto Stravenue
Darryl;Champlin;Deborah_Zemlak31@yahoo.com;Legacy Applications Supervisor;997 Morissette Street
Karelle;Kulas;Moises_Schultz9@yahoo.com;Investor Brand Analyst;8425 Jamarcus Key
Berta;McClure;Ludie96@gmail.com;Global Interactions Engineer;254 Jaeden Canyon
Suzanne;Senger;Elisha_Hoppe@hotmail.com;Forward Implementation Representative;15231 Dulce Fork
Emile;Erdman;Hayden.Bashirian@gmail.com;Dynamic Functionality Analyst;92187 Fahey Manors
Gilberto;Purdy;Cristal_Murazik@gmail.com;Internal Group Liaison;5695 Rosenbaum Mission
Shane;Runte;Jennyfer.Pfannerstill@yahoo.com;District Communications Director;054 Berry Ranch
Adrien;Toy;Eulalia65@hotmail.com;Principal Infrastructure Supervisor;771 Collier Orchard
Leopoldo;Goyette;Rhea_Reilly@yahoo.com;Internal Directives Agent;5600 Volkman Canyon
Laisha;Lakin;Kennedy.Lynch87@yahoo.com;Principal Directives Facilitator;65839 Okuneva Spring
Zane;Hand;Carley_Franey42@hotmail.com;Central Solutions Agent;295 Rippin Forges
Khalid;Christiansen;Koby34@hotmail.com;Customer Implementation Strategist;842 Mraz Lodge
Jarrett;Moore;Genesis.Price@yahoo.com;Lead Paradigm Specialist;929 Schoen Fall
Chloe;Smitham;Mylene59@gmail.com;Direct Identity Manager;2494 Kris Spring
Theresia;Pollich;Mariano.Cruickshank@hotmail.com;Internal Accountability Engineer;2279 Alessandra Brooks
Joey;Bartell;Emerson38@hotmail.com;Corporate Factors Representative;007 Jamison Crossroad
Delmer;Wunsch;Drew68@hotmail.com;Human Identity Planner;981 Mertz Dale
Gennaro;Conroy;Davin.Hintz68@hotmail.com;Dynamic Paradigm Producer;10278 Smith Parks
Eleonore;Feeney;Aniyah.Heaney@yahoo.com;Principal Metrics Orchestrator;5224 Eric Corners
D'angelo;Pfannerstill;Grace_Hills31@yahoo.com;Chief Optimization Engineer;68042 Kovacek Path
Iliana;Braun;Kyleigh71@gmail.com;National Creative Assistant;546 Kuphal Mountains
Watson;Smitham;Charlotte90@gmail.com;Chief Assurance Director;81337 Aletha Island
Casimer;Kemmer;Melyna74@yahoo.com;Principal Data Director;8586 Jovany Ferry
Jermaine;Schimmel;Presley29@hotmail.com;Investor Marketing Agent;049 Dominique Ranch
Caroline;Bradtke;Virginia_Vandervort67@gmail.com;Human Security Representative;781 Alexandro Causeway
Emil;Hyatt;Opal_Collier5@gmail.com;Regional Creative Manager;89625 Kihn Alley
Murl;Bernhard;Leanne49@yahoo.com;International Applications Associate;44021 Hane Drive
Lacey;Purdy;Woodrow_Emmerich@yahoo.com;Lead Web Coordinator;50938 Caleb Street
Braulio;Zieme;Elise83@gmail.com;Dynamic Solutions Designer;3467 Karina Viaduct
Patsy;Paucek;Cristina.Tromp73@gmail.com;Investor Brand Supervisor;177 Jaskolski Cliffs
Jerome;Anderson;Robb78@gmail.com;Global Response Liaison;769 Koepp Lake
Efren;Cartwright;Arno45@hotmail.com;Central Functionality Associate;989 Crooks Brook
Lamar;Reynolds;Armand.Farrell21@hotmail.com;Product Directives Designer;654 Hilpert Plaza
Damien;Hermiston;Karine.Heathcote@yahoo.com;Customer Communications Analyst;896 Will View
Vladimir;Kulas;Nannie.Leannon15@yahoo.com;Regional Mobility Developer;795 Hansen Manors
Gregory;Hermiston;Benton.Heller@yahoo.com;Dynamic Quality Consultant;5815 Chelsie Garden
Ephraim;Halvorson;Mae.Leffler86@hotmail.com;District Quality Director;366 Kub Forges
Steve;Bechtelar;Melody1@hotmail.com;Global Communications Coordinator;8751 Andreanne Parks
Emelie;Gerhold;Mariano_Abshire@hotmail.com;Human Marketing Producer;9471 Kozey Ports
Nickolas;Frami;Alejandra37@hotmail.com;Principal Paradigm Manager;13305 Leuschke Field
